Workbook

Sheet แคตตาล็อกผลงาน
A1: แคตตาล็อกผลงานที่สร้างด้วย AI
A2: รวบรวมจากคอมเมนต์ในโพสต์ Facebook · 147 ผลงาน · 16 หมวดหมู่
A3: ที่มาของโพสต์
A5: ลำดับ | B5: หมวดหมู่ | C5: ชื่อผลงาน | D5: รายละเอียด | E5: ผู้สร้าง | F5: ลิงก์ผลงาน | G5: ลิงก์เพิ่มเติม | H5: ยอดรีแอ็กชัน | I5: สถานะลิงก์ | J5: คอมเมนต์ต้นทาง
A6: 1 | B6: การเงิน & บัญชี | C6: Planndee | D6: เว็บวางแผนเกษียณและภาษี สร้างจาก pain point ของผู้พัฒนาเอง เปิดให้ทดลองใช้และส่ง feedback ได้ | E6: Seymour Guado | F6: https://planndee.com/ | G6: https://www.facebook.com/share/1JEAuXjV6F/ | H6: 728 | I6: ใช้ได้ | J6: เปิดคอมเมนต์
A7: 2 | B7: การเงิน & บัญชี | C7: Vaulta Family Office | D7: แอปจัดการสินทรัพย์ครอบครัวในที่เดียว บันทึกทรัพย์สิน เอกสารสำคัญ และความทรงจำ พร้อมกำหนดสัดส่วนมรดกผ่านแผนภาพ | E7: EarthDeFIRE | F7: https://vaulta.family/ | G7: https://www.facebook.com/EarthDeFIRE/posts/pfbid0vCFBsHZBj4JwVRrFngHPXy8rKJ6w77a4vY6qoCxbh7gGsVNw5cpECnssJrsYuqakl | H7: 268 | I7: ใช้ได้ | J7: เปิดคอมเมนต์
A8: 3 | B8: การเงิน & บัญชี | C8: DooSpend | D8: แอปบันทึกรายรับรายจ่ายสำหรับคนขี้เกียจจด เจ้าของระบุว่าใช้ Claude Code 98% ปรับ UI เอง 2% | E8: Apiwat Pengjam | F8: https://apps.apple.com/app/id6774424817 | H8: 39 | I8: ใช้ได้ | J8: เปิดคอมเมนต์
A9: 4 | B9: การเงิน & บัญชี | C9: ระบบจัดการการเงินส่วนบุคคล (Saruth Volk) | D9: เว็บ + LINE bot จัดการเงินส่วนบุคคล ลงทุน วางแผน จดรายรับรายจ่าย และดู DCA ใช้ได้ทั้ง desktop และมือถือ | E9: Saruth Volk | F9: https://lin.ee/YmHMOAja | G9: https://www.facebook.com/share/p/17subazubt/ https://www.facebook.com/share/p/1Eu4RpJjfH/ | H9: 36 | I9: ใช้ได้ | J9: เปิดคอมเมนต์
A10: 5 | B10: การเงิน & บัญชี | C10: แอปจดรายรับรายจ่าย (Trancient Circuit) | D10: แอปจดรายรับรายจ่ายขนาดเล็กบน Android | E10: Trancient Circuit | F10: https://play.google.com/store/apps/details | H10: 22 | I10: ลิงก์ถูก Facebook ตัด — ต้องค้นหาเอง | J10: เปิดคอมเมนต์
A11: 6 | B11: การเงิน & บัญชี | C11: Skill วิเคราะห์หุ้นและกองทุน REIT | D11: Claude Skill ช่วยวิเคราะห์ประเมินราคาหุ้นและกองทุน REIT เปิดให้โหลดฟรี | E11: Chapter | F11: https://www.facebook.com/share/14oaY7JYB5Z/ | H11: 15 | I11: ใช้ได้ | J11: เปิดคอมเมนต์
A12: 7 | B12: การเงิน & บัญชี | C12: ประกันง่าย (PraganEasy) | D12: เว็บเปรียบเทียบและซื้อประกัน | E12: Pui Poompui | F12: https://www.praganeasy.com/ | H12: 10 | I12: ใช้ได้ | J12: เปิดคอมเมนต์
A13: 8 | B13: การเงิน & บัญชี | C13: OpenLedger CFO | D13: AI ที่ปรึกษาการเงินส่วนตัวแบบ Terminal + AI agent รันบน local เพื่อรักษาความเป็นส่วนตัว เปิด open source | E13: Phureewat Aphibansri | F13: https://github.com/phureewat29/openledger-cfo | G13: https://openledger.sh | H13: 6 | I13: ใช้ได้ | J13: เปิดคอมเมนต์
A14: 9 | B14: การเงิน & บัญชี | C14: ตังใจ (Tangjai) | D14: บันทึกรายรับ-รายจ่ายผ่าน LINE + LIFF มี Dashboard และ OCR อ่านสลิป สร้างด้วย Claude + Codex | E14: Patradanai Nakpimai | F14: https://www.tangjai.online | H14: 4 | I14: ใช้ได้ | J14: เปิดคอมเมนต์
A15: 10 | B15: การเงิน & บัญชี | C15: ใบไหนดี (BaiNaiDee) | D15: เว็บ + chatbot ช่วยหาโปรโมชั่นบัตรเครดิตข้ามค่าย และเปรียบเทียบบัตรตอนสมัคร | E15: Fluke Narathat | F15: https://bainaidee.com/ | H15: 4 | I15: ใช้ได้ | J15: เปิดคอมเมนต์
A16: 11 | B16: การเงิน & บัญชี | C16: Birney | D16: แอปบันทึกรายรับรายจ่ายที่สร้างด้วย Claude และให้ Claude นำขึ้น App Store ให้ | E16: Pakphum Benjadechachai | F16: https://apps.apple.com/th/app/birney/id6764335697 | H16: 2 | I16: ใช้ได้ | J16: เปิดคอมเมนต์
A17: 12 | B17: การเงิน & บัญชี | C17: Budgy | D17: แอปบันทึกรายรับรายจ่าย สแกนสลิป import statement บัตรเครดิต และกำลังเพิ่มฟีเจอร์แชร์บิลกับเพื่อน | E17: Kwang Theeraporn | F17: https://budgy.life | H17: 2 | I17: ใช้ได้ | J17: เปิดคอมเมนต์
A18: 13 | B18: การเงิน & บัญชี | C18: PocketBird | D18: แอปบันทึกรายรับรายจ่ายที่เน้นจัดการหนี้สินและวางแผนการเงิน (เฉพาะ iOS) | E18: Nattapong Pallawal | F18: https://pocketbirdapp.com | H18: 2 | I18: ใช้ได้ | J18: เปิดคอมเมนต์
A19: 14 | B19: การเงิน & บัญชี | C19: Your Money 2026 | D19: เว็บแอปจัดการเงินส่วนบุคคล ตั้งรหัส PIN แล้วใช้งานได้ทันที เพิ่มไว้หน้าโฮมได้ | E19: Parichat Salee | F19: https://your-money2026.tothemoon-gts2026.workers.dev/ | H19: 0 | I19: ใช้ได้ | J19: เปิดคอมเมนต์
A20: 15 | B20: ธุรกิจ ร้านค้า & ระบบองค์กร | C20: Meysure | D20: โปรแกรมถอดแบบก่อสร้าง (QS) พัฒนาราว 2 สัปดาห์ 700 commits | E20: Sirawit Mahanin | F20: https://meysure.com/ | G20: https://app.meysure.com/ | H20: 296 | I20: ใช้ได้ | J20: เปิดคอมเมนต์
A21: 16 | B21: ธุรกิจ ร้านค้า & ระบบองค์กร | C21: RoostFarm | D21: ระบบบริหารจัดการฟาร์มไก่ มอนิเตอร์ฟาร์ม จัดการอะไหล่ บันทึกงานประจำวัน และแจ้งเตือนผ่าน LINE | E21: Boonyasit Thanapasavat | F21: https://roostfarm.vercel.app | H21: 48 | I21: ใช้ได้ | J21: เปิดคอมเมนต์
A22: 17 | B22: ธุรกิจ ร้านค้า & ระบบองค์กร | C22: Do-Ngan | D22: ระบบติดตามงาน ดูภาพรวมว่าใครในบริษัทมีงานอะไรและทำถึงไหน | E22: Apichart Khemawatcharayothin | F22: https://do-ngan.com/ | H22: 41 | I22: ใช้ได้ | J22: เปิดคอมเมนต์
A23: 18 | B23: ธุรกิจ ร้านค้า & ระบบองค์กร | C23: CafeMates | D23: แอปบริหารคาเฟ่และร้านอาหาร จัดเวรจัดกะ สต๊อกของสด การจัดตู้ขนม ระบบลา และแจ้งเหตุการณ์ | E23: KuangGy Kulchotirat | F23: https://www.cafemates.app/ | H23: 13 | I23: ใช้ได้ | J23: เปิดคอมเมนต์
A24: 19 | B24: ธุรกิจ ร้านค้า & ระบบองค์กร | C24: SaaS Thai | D24: ระบบที่ใช้งานจริงอยู่ เปิดให้ผู้อื่นมาร่วมได้ (เจ้าของไม่ได้ระบุรายละเอียด) | E24: Arkom Rattanasiri | F24: https://saasthai.com | H24: 13 | I24: ใช้ได้ | J24: เปิดคอมเมนต์
A25: 20 | B25: ธุรกิจ ร้านค้า & ระบบองค์กร | C25: KP CRM | D25: ระบบจัดการรถเช่า ปรับปรุงจากการใช้งานจริงของร้านกว่า 30 ร้าน | E25: Kkd Khathawut | F25: https://www.kpcrm.net/ | H25: 9 | I25: ใช้ได้ | J25: เปิดคอมเมนต์
A26: 21 | B26: ธุรกิจ ร้านค้า & ระบบองค์กร | C26: UniJob Connect | D26: แพลตฟอร์มจับคู่งานด้วย AI เชื่อมบริษัท/SME กับนักศึกษา เน้นงานสาย Hard Skills ที่ตรงกับสายการเรียน | E26: New Saharat | F26: https://unijobconnect.com | H26: 8 | I26: ใช้ได้ | J26: เปิดคอมเมนต์
A27: 22 | B27: ธุรกิจ ร้านค้า & ระบบองค์กร | C27: คาร์แคร์จัดให้ | D27: ระบบบริหารจัดการร้านคาร์แคร์ ใช้ทั้งในร้านตัวเองและเปิดให้ตลาดใช้ | E27: Rattanin Trimaneepong | F27: https://carcarejadhai.com/pricing | H27: 6 | I27: ใช้ได้ | J27: เปิดคอมเมนต์
A28: 23 | B28: ธุรกิจ ร้านค้า & ระบบองค์กร | C28: CafePOS | D28: แอป POS บน iOS สำหรับร้านคาเฟ่และร้านอาหารขนาดเล็ก สั่งผ่าน QR ใช้ offline ได้ เชื่อมเครื่องพิมพ์ใบเสร็จ ระบบคิว พนักงาน และพร้อมเพย์ | E28: Korranat Naruenatthanaset | F28: https://apps.apple.com/app/id6761293829 | H28: 5 | I28: ใช้ได้ | J28: เปิดคอมเมนต์
A29: 24 | B29: ธุรกิจ ร้านค้า & ระบบองค์กร | C29: รวยจัด (RuayJud) | D29: ระบบจดรายรับ-รายจ่ายสำหรับร้านอาหาร แจ้งเตือนราคาวัตถุดิบขึ้น-ลง คำนวณต้นทุนต่อจานและต่อสูตร ใช้ผ่าน LINE | E29: Supakit Tuptimthong | F29: https://www.ruayjud.com/ | H29: 5 | I29: ใช้ได้ | J29: เปิดคอมเมนต์
A30: 25 | B30: ธุรกิจ ร้านค้า & ระบบองค์กร | C30: ระบบร้านอาหารครบวงจร (Chanin Pitiwong) | D30: เมนู QR code สำหรับพนักงานและห้องครัว ระบบจดรายจ่าย และจดสต็อก | E30: Chanin Pitiwong | F30: https://fastwork.co/.../ninja.../qr-code-design-53134308 | H30: 4 | I30: ลิงก์ถูก Facebook ตัด — ต้องค้นหาเอง | J30: เปิดคอมเมนต์
A31: 26 | B31: ธุรกิจ ร้านค้า & ระบบองค์กร | C31: NBIQ | D31: เว็บแอปช่วยงานตัวแทนประกัน (เริ่มที่ AIA ก่อน) ตั้งแต่การนำเข้าข้อมูล พัฒนาโดยทีม 2 คน + Claude | E31: Sirapob Boss Catteeyothai | F31: https://nbi-q.com/codev?src=Boss | H31: 3 | I31: ใช้ได้ | J31: เปิดคอมเมนต์
A32: 27 | B32: ธุรกิจ ร้านค้า & ระบบองค์กร | C32: Pixels Studio | D32: Web app คำนวณการใช้ไฟจาก Solar cell ออกแบบ plan และคำนวณการใช้ memory ของ CCTV | E32: Thanabadin Aussawatmeta | F32: https://pixels-studiodemo.netlify.app/ | H32: 3 | I32: ใช้ได้ | J32: เปิดคอมเมนต์
... A36: 31 | B36: ธุรกิจ ร้านค้า & ระบบองค์กร | C36: ระบบจัดการร้านค้าครบวงจร (New Saharat) | D36: ระบบดึงข้อมูลออเดอร์อัตโนมัติเมื่อปิดการขายผ่านแชท สรุปยอดขายรายเดือน/รายปี พร้อมติดตามสถานะจัดส่ง | E36: New Saharat | F36: https://www.facebook.com/yinzhangwenfang | H36: 2 | I36: ใช้ได้ | J36: เปิดคอมเมนต์
A37: 32 | B37: ธุรกิจ ร้านค้า & ระบบองค์กร | C37: TechGear | D37: ระบบลงทะเบียนและเช็คอินงานประชุม/Event/Exhibition รองรับ QR, NFC, สแกนใบหน้า, Payment Gateway, โค้ดส่วนลด และ Early Bird | E37: Gear Ceramics | F37: https://techgear.asia | G37: https://techgear.asia/interprex https://techgear.asia/photo | H37: 0 | I37: ใช้ได้ | J37: เปิดคอมเมนต์
A38: 33 | B38: สุขภาพ การแพทย์ & กีฬา | C38: MeeDeeThai | D38: เว็บคำนวณและแปลผลตรวจสุขภาพ | E38: Apiwat Augkaros | F38: https://medeethai.com/ | H38: 147 | I38: ใช้ได้ | J38: เปิดคอมเมนต์
A39: 34 | B39: สุขภาพ การแพทย์ & กีฬา | C39: Solfeggio Soundscape | D39: แอปฟังความถี่ Solfeggio เพื่อพักจิตใจ ปรับได้ 1-22,000 Hz ตั้งเวลาและบันทึกค่าที่ชอบได้ | E39: Siriphong Pakaratsakun | F39: https://drive.google.com/.../1bnGYrhSGol0qKYFI92gv4SDZJkI | H39: 52 | I39: ลิงก์ถูก Facebook ตัด — ต้องค้นหาเอง | J39: เปิดคอมเมนต์
A40: 35 | B40: สุขภาพ การแพทย์ & กีฬา | C40: Dog Bite Me | D40: เว็บประเมินความเสี่ยงจากหมากัด และคำนวณว่าต้องรับวัคซีนกี่เข็ม | E40: Jab Kluay | F40: https://dog-bite-me.vercel.app/ | H40: 17 | I40: ใช้ได้ | J40: เปิดคอมเมนต์
A41: 36 | B41: สุขภาพ การแพทย์ & กีฬา | C41: Punn Baby Pumping | D41: แอปติดตามการปั๊มนมและดูแลทารก ทำคนเดียว 100% | E41: Teerat Pipitcharulerd | F41: https://apps.apple.com/app/id6762541359 | G41: https://play.google.com/store/apps/details | H41: 15 | I41: ใช้ได้ | J41: เปิดคอมเมนต์
A42: 37 | B42: สุขภาพ การแพทย์ & กีฬา | C42: BetaScan | D42: แอปวิเคราะห์ว่าผาจำลองแต่ละเส้นทางปีนอย่างไร สร้างโมเดล ML ขึ้นมาเอง | E42: Warat Wongmaneekit | F42: https://betascan.app/ | H42: 7 | I42: ใช้ได้ | J42: เปิดคอมเมนต์
A43: 38 | B43: สุขภาพ การแพทย์ & กีฬา | C43: GlowPace | D43: แอปสำหรับคนทำ skin cycling เตือนว่าวันไหนต้องทาสกินแคร์ตัวใด | E43: DJdai Yodsapon | F43: https://glowpace.netlify.app/ | H43: 6 | I43: ใช้ได้ | J43: เปิดคอมเมนต์
A44: 39 | B44: สุขภาพ การแพทย์ & กีฬา | C44: JaiFlow | D44: แอปติดตามอารมณ์ มีระบบเกมช่วยให้บันทึกอารมณ์ทุกวันสนุกขึ้น สร้างเกาะและเก็บสตรีค | E44: Sorrawich Yooboon | F44: https://www.jaiflow.app/ | H44: 6 | I44: ใช้ได้ | J44: เปิดคอมเมนต์
A45: 40 | B45: สุขภาพ การแพทย์ & กีฬา | C45: CourtBuddy TH | D45: เว็บหาก๊วนเทนนิสและพิคเคิลบอล | E45: Puttasak Tantisuttivet | F45: https://www.courtbuddy-th.com/ | H45: 5 | I45: ใช้ได้ | J45: เปิดคอมเมนต์
A46: 41 | B46: สุขภาพ การแพทย์ & กีฬา | C46: Running Planner | D46: เว็บสร้างตารางซ้อมวิ่งด้วยตัวเองสำหรับคนไม่อยากจ้างโค้ช | E46: Moth Watchirapong | F46: https://runningplaner.netlify.app/ | H46: 5 | I46: ใช้ได้ | J46: เปิดคอมเมนต์
A47: 42 | B47: สุขภาพ การแพทย์ & กีฬา | C47: NubMed | D47: เครื่องมือช่วยระบบรับคืนยา ดูแลยาผู้ป่วย และจัดระบบเบิกจ่ายสต๊อกยา | E47: Soom Suttikeat | F47: https://nubmed.org/index.html | H47: 3 | I47: ใช้ได้ | J47: เปิดคอมเมนต์
A48: 43 | B48: สุขภาพ การแพทย์ & กีฬา | C48: สุราษฎร์ธานีเกมส์ | D48: เว็บจัดการข้อมูลนักกีฬาและรวมข้อมูลการเดินทาง/สถานที่ ในการแข่งขันกีฬาเยาวชนแห่งชาติครั้งที่ 41 | E48: Chadjen Wongvanich | F48: https://suratthanigame.vercel.app/ | H48: 3 | I48: ใช้ได้ | J48: เปิดคอมเมนต์
A49: 44 | B49: สุขภาพ การแพทย์ & กีฬา | C49: Vision by SV Academy | D49: แอปวิเคราะห์ personal color ด้วย AI ผลงานของเด็กอายุ 10 ปี ได้ลงนิตยสาร Harper's Bazaar | E49: Cody Mairin | F49: https://vision.sv-academy.org/ | G49: https://harpersbazaar.co.th/.../siliconvalleyacademy.../ | H49: 2 | I49: ใช้ได้ | J49: เปิดคอมเมนต์
A50: 45 | B50: สุขภาพ การแพทย์ & กีฬา | C50: Balance App | D50: เว็บแอปประเมินการทรงตัวเบื้องต้นสำหรับบุคคลทั่วไป | E50: Muthita Giaw | F50: https://mnkoratpt044.github.io/balance-app/ | H50: 1 | I50: ใช้ได้ | J50: เปิดคอมเมนต์
A51: 46 | B51: สัตว์เลี้ยง | C51: Lukkhon (ลูกขน) | D51: แอปดูแลสุขภาพสัตว์เลี้ยง บันทึกสมุดสุขภาพ น้ำหนัก ประวัติแพ้ยา อาการประจำวัน และเตือนวันวัคซีน/ยากันเห็บ | E51: Patchara Kantha | F51: https://apps.apple.com/th/app/lukkhon-ai/id6789553353 | H51: 41 | I51: ใช้ได้ | J51: เปิดคอมเมนต์
A52: 47 | B52: สัตว์เลี้ยง | C52: PetButler | D52: ระบบช่วยดูแลน้องหมา บันทึกพฤติกรรม การทานยา ไลฟ์สไตล์ และ export ให้สัตวแพทย์ดูได้ | E52: Nattha Marayart | F52: https://petbutler.web.app | H52: 1 | I52: ใช้ได้ | J52: เปิดคอมเมนต์
A53: 48 | B53: การศึกษา & ภาษา | C53: U-Prep Academy | D53: เว็บทำข้อสอบเสมือนจริง รองรับ TOEIC, IELTS และสนามสอบอื่น ๆ มีให้ทดลองทำฟรี | E53: Taritsorn Sornprohm | F53: https://uprepacademy.com | H53: 93 | I53: ใช้ได้ | J53: เปิดคอมเมนต์
A54: 49 | B54: การศึกษา & ภาษา | C54: สนสนุก (SonSanook) | D54: เว็บเกมสื่อการสอน มีเกมปลูกผักให้เล่นโดยไม่ต้องสมัคร สร้างด้วย Claude + Codex | E54: Draft Draft Art | F54: https://sonsanook.com | G54: https://sonsanook.com/game/little-farm | H54: 52 | I54: ใช้ได้ | J54: เปิดคอมเมนต์
A55: 50 | B55: การศึกษา & ภาษา | C55: GrowGenius Study | D55: แพลตฟอร์มการเรียน (เจ้าของไม่ได้ระบุรายละเอียด) | E55: Kosin Sangtong | F55: https://study.growgenius.co.th | H55: 20 | I55: ใช้ได้ | J55: เปิดคอมเมนต์
A56: 51 | B56: การศึกษา & ภาษา | C56: Rusheng 2D | D56: เกมฝึกซิ่งรถควบคู่กับการฝึกภาษาสำหรับเด็ก เล่นผ่านเว็บบน PC หรือมือถือ | E56: Siwarut Jaruthitinun | F56: https://rusheng-2d-7391.web.app/ | H56: 20 | I56: ใช้ได้ | J56: เปิดคอมเมนต์
A57: 52 | B57: การศึกษา & ภาษา | C57: Iroiro Japan | D57: แอปฝึกอ่านภาษาญี่ปุ่นวันละนิด มีทั้ง iOS และ Android | E57: Teerawat Vanasapdamrong | F57: https://apps.apple.com/app/iroiro-japan/id6780112187 | G57: https://play.google.com/store/apps/details | H57: 10 | I57: ใช้ได้ | J57: เปิดคอมเมนต์
A58: 53 | B58: การศึกษา & ภาษา | C58: PolySub | D58: ส่วนขยายวางคำแปลคู่กับซับเดิมแบบเรียลไทม์บน YouTube, Netflix และเว็บทั่วไป เหมาะกับการดูเพื่อเรียนภาษา | E58: Arthit Napradit | F58: https://getpolysub.com/ | G58: https://chromewebstore.google.com/.../liacbbibephikadgcao | H58: 4 | I58: ใช้ได้ | J58: เปิดคอมเมนต์
A59: 54 | B59: การศึกษา & ภาษา | C59: Future Workforce English | D59: แอปเรียนภาษาอังกฤษด้วย AI | E59: Bunchanok Puranamaneewiwat | F59: https://futureworkforce.ajbankenglishkickstart.workers.de | H59: 3 | I59: ลิงก์ถูก Facebook ตัด — ต้องค้นหาเอง | J59: เปิดคอมเมนต์
A60: 55 | B60: การศึกษา & ภาษา | C60: WorldApex TH | D60: แพลตฟอร์มคลังวรรณกรรมโลก public domain แปลเป็นภาษาไทยกว่า 10,000 เรื่อง สร้างด้วย Claude Code (ใช้ Fable 5 วางแผนและดีบัก) | E60: อาจุ้ย ฟาร์มเต่าจักรพรรดิ | F60: https://th.worldapex.ai | H60: 3 | I60: ใช้ได้ | J60: เปิดคอมเมนต์
A61: 56 | B61: การศึกษา & ภาษา | C61: A1 Deutsch Training | D61: เว็บฝึกทำข้อสอบภาษาเยอรมันระดับ A1 ใกล้เคียงข้อสอบจริง ผู้พัฒนายืนยันผลด้วยการไปสอบจริงที่ Goethe | E61: Namnueng Jantarawat | F61: https://a1deutschtraining.com/ | H61: 2 | I61: ใช้ได้ | J61: เปิดคอมเมนต์
A62: 57 | B62: การศึกษา & ภาษา | C62: TimeMap History | D62: เครื่องมือแสดงเหตุการณ์ประวัติศาสตร์บนแผนที่ตามเวลา | E62: Mo Panupan | F62: https://timemaphistory.netlify.app/ | H62: 2 | I62: ใช้ได้ | J62: เปิดคอมเมนต์
A63: 58 | B63: เกม & ความบันเทิง | C63: GridNova Daily Sudoku | D63: เกม Sudoku พร้อมระบบจัดอันดับแข่งขัน | E63: GridNova - Daily Sudoku | F63: https://gridnova.pages.dev | H63: 344 | I63: ใช้ได้ | J63: เปิดคอมเมนต์
A64: 59 | B64: เกม & ความบันเทิง | C64: Untitled (Counter Strike) | D64: เกมแนว Counter Strike ทั้งเกมบนเว็บ | E64: Kobkrit Viriyayudhakorn | F64: https://untitled.kobkrit.com/ | H64: 168 | I64: ใช้ได้ | J64: เปิดคอมเมนต์
A65: 60 | B65: เกม & ความบันเทิง | C65: Wuxia RPG | D65: เกม Idle แนวกำลังภายใน ต่อสู้แบบ offline พร้อม Quiz ค้นหาตัวตน | E65: New Tippayaboonnont | F65: https://wuxia-rpg.com | G65: https://wuxia-rpg.com/quiz | H65: 41 | I65: ใช้ได้ | J65: เปิดคอมเมนต์
A66: 61 | B66: เกม & ความบันเทิง | C66: FounderQuest | D66: เกมจำลองการทำธุรกิจ ต่อยอดจากในเกมสู่ชีวิตจริง | E66: Pisetpol Luachan | F66: https://founderquest.netlify.app | H66: 16 | I66: ใช้ได้ | J66: เปิดคอมเมนต์
A67: 62 | B67: เกม & ความบันเทิง | C67: CreaturesOS | D67: เกมเลี้ยงสัตว์เวทมนตร์บนบอร์ด ESP32 ตัวละคร 5 สปีชีส์ x 4 variants ต่อสู้ผ่าน BLE ดึงพลังจาก wifi hotspot และมีโหมดนาฬิกา | E67: Pich Pykpmk | F67: https://qazwsx-maker.github.io/creaturesOS/ | H67: 14 | I67: ใช้ได้ | J67: เปิดคอมเมนต์
A68: 63 | B68: เกม & ความบันเทิง | C68: Tarot Oracle | D68: เว็บทำนายไพ่ทาโรต์ ใช้รูปไพ่ที่ผู้ใช้สร้างเองมาทำนายได้ | E68: Nattaporn Kigpadermkul | F68: https://tarot-oracle-one.vercel.app/ | H68: 12 | I68: ใช้ได้ | J68: เปิดคอมเมนต์
A69: 64 | B69: เกม & ความบันเทิง | C69: PurrToBooth | D69: เว็บถ่ายรูปเล่นกับแมวที่บ้าน ภาพประกอบวาดเองทั้งหมด | E69: Suppalak Ymr | F69: https://purrtobooth.vercel.app | H69: 11 | I69: ใช้ได้ | J69: เปิดคอมเมนต์
A70: 65 | B70: เกม & ความบันเทิง | C70: Uniz.Host | D70: บริการเช่าเซิร์ฟเวอร์เกม | E70: Uniz.Host | F70: https://uniz.host/ | H70: 5 | I70: ใช้ได้ | J70: เปิดคอมเมนต์
A71: 66 | B71: เกม & ความบันเทิง | C71: หมูมณีนิยาย | D71: แพลตฟอร์มนิยายเสียงที่สร้างขึ้นเองเพราะไม่พอใจการแบนของแพลตฟอร์มอื่น | E71: ซัน ธนวิชญ์ | F71: https://www.moomniyay.com/ | H71: 5 | I71: ใช้ได้ | J71: เปิดคอมเมนต์
A72: 67 | B72: เกม & ความบันเทิง | C72: หมออัยย์ (Mor-AI) | D72: หมอดูดวง AI โหราศาสตร์ไทย คำนวณตามหลักโลจิกโหราศาสตร์ไทยหลายขั้นตอน | E72: Hill Chitsanupong - AIใช้จริง | F72: https://mor-ai.app/ | H72: 3 | I72: ใช้ได้ | J72: เปิดคอมเมนต์
A73: 68 | B73: เกม & ความบันเทิง | C73: FMTH | D73: เกมผู้จัดการทีมฟุตบอล จัดทีม ซื้อขายนักเตะ ตั้งแทกติก แข่งพร้อมกัน 16.00 น. เปิดแล้ว 17 ลีก | E73: Fasang Klangdon | F73: http://fmth.online | H73: 2 | I73: ใช้ได้ | J73: เปิดคอมเมนต์
A74: 69 | B74: ท่องเที่ยว แผนที่ & ยานยนต์ | C74: DivvyRoam | D74: แอปจดค่าใช้จ่ายระหว่างทริป แปลงสกุลเงินตามอัตราปัจจุบัน หารบิลกับเพื่อนร่วมทริป พร้อมพิมพ์สลิปและตารางสรุป | E74: Zakariya Wohya | F74: https://divvyroam.com | H74: 116 | I74: ใช้ได้ | J74: เปิดคอมเมนต์
A75: 70 | B75: ท่องเที่ยว แผนที่ & ยานยนต์ | C75: จุดกางเต็นท์.com | D75: เว็บรวมข้อมูลจุดกางเต็นท์ | E75: Nan Thanwa | F75: https://www.จุดกางเต็นท์.com/ | H75: 101 | I75: ใช้ได้ | J75: เปิดคอมเมนต์
A76: 71 | B76: ท่องเที่ยว แผนที่ & ยานยนต์ | C76: PugEV | D76: แอปหาสถานีชาร์จรถไฟฟ้าทั่วประเทศไทย | E76: Thawatchai Ninpet | F76: https://apps.apple.com/th/app/pugev/id6477750987?l=th | H76: 39 | I76: ใช้ได้ | J76: เปิดคอมเมนต์
A77: 72 | B77: ท่องเที่ยว แผนที่ & ยานยนต์ | C77: LinkTour | D77: เครื่องมือด้านการท่องเที่ยว (เจ้าของไม่ได้ระบุรายละเอียด) | E77: Kosin Ton Yeambunya | F77: https://linktour.me | H77: 26 | I77: ใช้ได้ | J77: เปิดคอมเมนต์
... A83: 78 | B83: ภัยพิบัติ ภาครัฐ & GIS | C83: Boluang Disaster GIS | D83: ระบบภูมิสารสนเทศด้านสาธารณภัยระดับพื้นที่ สร้างด้วย Claude Code + Vercel + Supabase | E83: Pariwat Thaweesukkasemsan | F83: https://boluang-disaster-gis.vercel.app/ | H83: 95 | I83: ใช้ได้ | J83: เปิดคอมเมนต์
A84: 79 | B84: ภัยพิบัติ ภาครัฐ & GIS | C84: SIAHRA Radar | D84: แผนที่ 3 มิติรายจังหวัด แสดงข้อมูลภัยพิบัติ/ความเสี่ยงที่วัดจริงจากหลายแหล่งข้อมูล เปิดซอร์สโค้ดแบบ public repo | E84: Thammasat Prasongmaneenil | F84: https://siahra-radar.co/ | G84: https://github.com/flukelaster/SIAHRA | H84: 72 | I84: ใช้ได้ | J84: เปิดคอมเมนต์
A85: 80 | B85: ภัยพิบัติ ภาครัฐ & GIS | C85: ShowMocyc Emergency | D85: เว็บรวมเบอร์โทรฉุกเฉินสำหรับผู้ใช้รถใช้ถนน กดโทรออกได้ทันทีพร้อมแสดงพิกัดที่อยู่ | E85: Jair ShowMocyc | F85: https://showmocyc.com/emer.html | H85: 22 | I85: ใช้ได้ | J85: เปิดคอมเมนต์
A86: 81 | B86: ภัยพิบัติ ภาครัฐ & GIS | C86: MHS Water Dashboard | D86: Map dashboard ปริมาณน้ำฝนจังหวัดแม่ฮ่องสอน ดึง API จาก สสน. แล้วสร้างฟังก์ชัน IDW แสดงปริมาณน้ำฝนเชิงพื้นที่แบบ near real-time (ใช้เวลาทำ 4 วัน) | E86: PhiPhi Kritchao | F86: https://mhs-water-rid.vercel.app | H86: 10 | I86: ใช้ได้ | J86: เปิดคอมเมนต์
A87: 82 | B87: ภัยพิบัติ ภาครัฐ & GIS | C87: โมเดลถามปากคำ + ระบบติดตามเอกสาร | D87: โมเดลช่วยงานถามปากคำ (ใช้ GPT-4) พร้อมระบบติดตามความคืบหน้าและจัดการเอกสารหลังบ้าน (ส่วนนี้ใช้ Claude 80-90%) | E87: Anantapong Chayapong | F87: https://www.facebook.com/share/p/1ECTbW2L8A/?mibextid=wwXIfr | H87: 6 | I87: ใช้ได้ | J87: เปิดคอมเมนต์
A88: 83 | B88: ภัยพิบัติ ภาครัฐ & GIS | C88: BeauxMap | D88: เว็บเช็กสภาพอากาศ ทำคนเดียวด้วย Gemini | E88: Siraphop Rattanawai | F88: https://www.beauxmap.com | H88: 3 | I88: ใช้ได้ | J88: เปิดคอมเมนต์
A89: 84 | B89: Productivity & เครื่องมือทำงาน | C89: Ewery.day | D89: LINE bot แจ้งเตือนและจด to-do ออกแบบให้ใช้ง่ายแบบไม่ต้องคิดเยอะ ใช้เวลาพัฒนาราว 1 เดือน | E89: Thanakorn Chadong | F89: https://ewery.day/ | H89: 671 | I89: ใช้ได้ | J89: เปิดคอมเมนต์
A90: 85 | B90: Productivity & เครื่องมือทำงาน | C90: PDF Tools (SBTC) | D90: ชุดเครื่องมือจัดการไฟล์ PDF บนเว็บ | E90: Au Nattawut Petprasom | F90: https://www.sbtc.pntc.ac.th/pdf-tools | H90: 572 | I90: ใช้ได้ | J90: เปิดคอมเมนต์
A91: 86 | B91: Productivity & เครื่องมือทำงาน | C91: JodJam | D91: ระบบ backup และบอทถามตอบใน LINE | E91: Chakkrisn Menn Talawat | F91: https://jodjam.com | G91: https://jodjam.com/pricing | H91: 144 | I91: ใช้ได้ | J91: เปิดคอมเมนต์
A92: 87 | B92: Productivity & เครื่องมือทำงาน | C92: MyPDF | D92: เว็บเครื่องมือ PDF 43 ตัวที่ประมวลผลบนเบราว์เซอร์ทั้งหมด ไฟล์ไม่ถูกอัปโหลดออกจากเครื่อง รองรับแปลง PDF เป็น Word ภาษาไทยไม่เพี้ยน | E92: Sarawoot Chunvirat | F92: https://mypdfs.app | H92: 53 | I92: ใช้ได้ | J92: เปิดคอมเมนต์
A93: 88 | B93: Productivity & เครื่องมือทำงาน | C93: Mutta | D93: เลขา AI สั่งงานและตามงาน จัดระเบียบชีวิตผ่าน LINE | E93: Leo Naruebet | F93: https://mutta.ireadcustomer.life/ | H93: 16 | I93: ใช้ได้ | J93: เปิดคอมเมนต์
A94: 89 | B94: Productivity & เครื่องมือทำงาน | C94: แอปแชร์ลิงก์ผ่าน NFC (Warat Wongmaneekit) | D94: แอปสำหรับแชร์ลิงก์ผ่าน NFC | E94: Warat Wongmaneekit | F94: https://play.google.com/store/apps/details | H94: 7 | I94: ลิงก์ถูก Facebook ตัด — ต้องค้นหาเอง | J94: เปิดคอมเมนต์
A95: 90 | B95: Productivity & เครื่องมือทำงาน | C95: Gistly | D95: แอปสรุปความรู้เป็นเนื้อหาอ่านง่าย รับ YouTube link อัปโหลดไฟล์ หรืออัดเสียง ใช้ผ่าน LINE OA หรือ Web App | E95: Bob Lertmanatchai | F95: https://gistly-lrylf3wjqa-as.a.run.app | H95: 5 | I95: ใช้ได้ | J95: เปิดคอมเมนต์
A96: 91 | B96: Productivity & เครื่องมือทำงาน | C96: PowerPointBoy Map | D96: เว็บดาวน์โหลดกราฟิกแผนที่โลกและประเทศไทยลึกถึงระดับตำบล เป็นไฟล์ PNG หรือ SVG แก้ไขต่อได้ | E96: วันเฉลิม อัศวแสงรัตน์ | F96: https://map.powerpointboy.com/ | H96: 4 | I96: ใช้ได้ | J96: เปิดคอมเมนต์
A97: 92 | B97: Productivity & เครื่องมือทำงาน | C97: Speakit วาจา | D97: แอปอ่านออกเสียงข้อความจาก clipboard หรือที่แชร์เข้ามา รองรับภาษาไทย แปลได้ เก็บเป็น playlist แบบหนังสือเสียง และสร้างไฟล์เสียงได้ | E97: Preeda Tungnapagorn | F97: https://play.google.com/store/apps/details | H97: 3 | I97: ลิงก์ถูก Facebook ตัด — ต้องค้นหาเอง | J97: เปิดคอมเมนต์
A98: 93 | B98: Productivity & เครื่องมือทำงาน | C98: TopazWork | D98: แอปจด to-do เชื่อม Google Calendar มี voice summary ถอดเสียงประชุมผ่าน LINE ที่ link กับแอปโดยตรง | E98: Witha Sakulopapach | F98: https://app.topazwork.com | G98: https://lin.ee/pdhhGJ2 | H98: 3 | I98: ใช้ได้ | J98: เปิดคอมเมนต์
A99: 94 | B99: Productivity & เครื่องมือทำงาน | C99: Cadence Tasks | D99: แอป task management ที่สร้างด้วย Claude และให้ Claude นำขึ้น App Store ให้ | E99: Pakphum Benjadechachai | F99: https://apps.apple.com/app/id6775131412 | H99: 2 | I99: ใช้ได้ | J99: เปิดคอมเมนต์
A100: 95 | B100: Productivity & เครื่องมือทำงาน | C100: จดบันทึก (JotBantuek) | D100: Web App เขียนบันทึกส่วนตัวแนว Journal ติดตั้งเป็น PWA ได้ | E100: Pavaris Pobhirun | F100: https://jotbantuek.app/ | H100: 2 | I100: ใช้ได้ | J100: เปิดคอมเมนต์
A101: 96 | B101: AI Agent & Developer Tools | C101: Aetox | D101: ระบบ AI Agent ที่ทำงานบนคอมพิวเตอร์ของผู้ใช้เอง | E101: Chayapol Promsavana | F101: https://github.com/Mike0165115321/Aetox | H101: 40 | I101: ใช้ได้ | J101: เปิดคอมเมนต์
A102: 97 | B102: AI Agent & Developer Tools | C102: FIRE KEEPER | D102: ระบบ Cognitive AI / Decision Governance แยกความสามารถในการสร้างคำตอบออกจากอำนาจตัดสินใจ เน้น Evidence, Reasoning, Uncertainty, Governance และ Human Agency | E102: Punparameth Punn Punyachotimano | F102: https://firekeeper.site/ | H102: 4 | I102: ใช้ได้ | J102: เปิดคอมเมนต์
A103: 98 | B103: AI Agent & Developer Tools | C103: UXUI Studio | D103: แหล่งรวมทรัพยากรด้าน UX/UI | E103: Adirut Bank Arthitayaphong | F103: https://uxui-studio.com | H103: 4 | I103: ใช้ได้ | J103: เปิดคอมเมนต์
A104: 99 | B104: AI Agent & Developer Tools | C104: SkynetClaw | D104: ระบบ AI แบบ Multi-Agent ทำงานเหมือนองค์กรภายใต้ Governance พร้อมสถาปัตยกรรมความปลอดภัย ระบบคิด และ Memory | E104: Terng Dechanon | F104: https://github.com/ElmatadorZ/skynetclaw | H104: 3 | I104: ใช้ได้ | J104: เปิดคอมเมนต์
A105: 100 | B105: AI Agent & Developer Tools | C105: AZHub | D105: ระบบแชทบน VPS เชื่อมต่อได้ทุกที่ ใช้ขึ้นโปรเจกต์ใหม่ได้สะดวก | E105: Mujahid Kabae | F105: https://azhub.co/lp/dev | H105: 2 | I105: ใช้ได้ | J105: เปิดคอมเมนต์
A106: 101 | B106: AI Agent & Developer Tools | C106: Developer Tools Builder | D106: เครื่องมือสารพัดนึกสำหรับนักพัฒนา ต่อกับ LINE ได้เลย | E106: Thepnatee Phojan | F106: https://www.facebook.com/share/p/1JEF85BRbm/?mibextid=wwXIfr | H106: 2 | I106: ใช้ได้ | J106: เปิดคอมเมนต์
A107: 102 | B107: สื่อ คอนเทนต์ & ครีเอทีฟ | C107: XIMI AI Studio | D107: สตูดิโอ AI ครบวงจร generate ภาพ/วิดีโอ/SFX ทำ storyboard, video editor บนเว็บพร้อม generate ซับไตเติล และสร้างการ์ตูน | E107: Worapong Jindapanich | F107: https://ximi-ai.com/ | G107: https://ximi-ai.com/animi | H107: 66 | I107: ใช้ได้ | J107: เปิดคอมเมนต์
A108: 103 | B108: สื่อ คอนเทนต์ & ครีเอทีฟ | C108: NongBank Voice Studio | D108: เครื่องมือสร้างคลิปเสียงพากย์โดยไม่ต้องเขียน prompt เอง เลือกเสียงและอารมณ์ได้ (ต้องมี Google API key) | E108: Nuttanawin Janpaosang | F108: https://github.com/bankzar/NongBank-Voice-Studio | H108: 8 | I108: ใช้ได้ | J108: เปิดคอมเมนต์
A109: 104 | B109: สื่อ คอนเทนต์ & ครีเอทีฟ | C109: Drive Music | D109: โปรเจกต์สตรีมเพลงจาก Google Drive มีทั้ง Web app และ native app บน iOS/Android | E109: Chakkrit Laolit | F109: https://drive-music-taupe.vercel.app/ | G109: https://github.com/ChakkritGit/Drive-Music-IOS https://github.com/ChakkritGit/Drive-Music-Android | H109: 6 | I109: ใช้ได้ | J109: เปิดคอมเมนต์
...

Sheet สรุปตามหมวดหมู่
A1: จำนวนผลงานแยกตามหมวดหมู่
A3: หมวดหมู่ | B3: จำนวนผลงาน | C3: สัดส่วน | D3: รีแอ็กชันรวม
A4: AI Agent & Developer Tools | B4: =COUNTIF('แคตตาล็อกผลงาน'!$B$6:$B$152,$A4) | C4: =IFERROR(B4/$B$20,0) | D4: =SUMIF('แคตตาล็อกผลงาน'!$B$6:$B$152,$A4,'แคตตาล็อกผลงาน'!$H$6:$H$152)
A5: Productivity & เครื่องมือทำงาน | B5: =COUNTIF('แคตตาล็อกผลงาน'!$B$6:$B$152,$A5) | C5: =IFERROR(B5/$B$20,0) | D5: =SUMIF('แคตตาล็อกผลงาน'!$B$6:$B$152,$A5,'แคตตาล็อกผลงาน'!$H$6:$H$152)
A6: กฎหมาย & สิทธิ | B6: =COUNTIF('แคตตาล็อกผลงาน'!$B$6:$B$152,$A6) | C6: =IFERROR(B6/$B$20,0) | D6: =SUMIF('แคตตาล็อกผลงาน'!$B$6:$B$152,$A6,'แคตตาล็อกผลงาน'!$H$6:$H$152)
A7: การศึกษา & ภาษา | B7: =COUNTIF('แคตตาล็อกผลงาน'!$B$6:$B$152,$A7) | C7: =IFERROR(B7/$B$20,0) | D7: =SUMIF('แคตตาล็อกผลงาน'!$B$6:$B$152,$A7,'แคตตาล็อกผลงาน'!$H$6:$H$152)
A8: การเงิน & บัญชี | B8: =COUNTIF('แคตตาล็อกผลงาน'!$B$6:$B$152,$A8) | C8: =IFERROR(B8/$B$20,0) | D8: =SUMIF('แคตตาล็อกผลงาน'!$B$6:$B$152,$A8,'แคตตาล็อกผลงาน'!$H$6:$H$152)
A9: ช้อปปิ้ง & การตลาด | B9: =COUNTIF('แคตตาล็อกผลงาน'!$B$6:$B$152,$A9) | C9: =IFERROR(B9/$B$20,0) | D9: =SUMIF('แคตตาล็อกผลงาน'!$B$6:$B$152,$A9,'แคตตาล็อกผลงาน'!$H$6:$H$152)
A10: ท่องเที่ยว แผนที่ & ยานยนต์ | B10: =COUNTIF('แคตตาล็อกผลงาน'!$B$6:$B$152,$A10) | C10: =IFERROR(B10/$B$20,0) | D10: =SUMIF('แคตตาล็อกผลงาน'!$B$6:$B$152,$A10,'แคตตาล็อกผลงาน'!$H$6:$H$152)
A11: ธุรกิจ ร้านค้า & ระบบองค์กร | B11: =COUNTIF('แคตตาล็อกผลงาน'!$B$6:$B$152,$A11) | C11: =IFERROR(B11/$B$20,0) | D11: =SUMIF('แคตตาล็อกผลงาน'!$B$6:$B$152,$A11,'แคตตาล็อกผลงาน'!$H$6:$H$152)
A12: ภัยพิบัติ ภาครัฐ & GIS | B12: =COUNTIF('แคตตาล็อกผลงาน'!$B$6:$B$152,$A12) | C12: =IFERROR(B12/$B$20,0) | D12: =SUMIF('แคตตาล็อกผลงาน'!$B$6:$B$152,$A12,'แคตตาล็อกผลงาน'!$H$6:$H$152)
A13: รวมผลงาน & อื่น ๆ | B13: =COUNTIF('แคตตาล็อกผลงาน'!$B$6:$B$152,$A13) | C13: =IFERROR(B13/$B$20,0) | D13: =SUMIF('แคตตาล็อกผลงาน'!$B$6:$B$152,$A13,'แคตตาล็อกผลงาน'!$H$6:$H$152)
A14: สัตว์เลี้ยง | B14: =COUNTIF('แคตตาล็อกผลงาน'!$B$6:$B$152,$A14) | C14: =IFERROR(B14/$B$20,0) | D14: =SUMIF('แคตตาล็อกผลงาน'!$B$6:$B$152,$A14,'แคตตาล็อกผลงาน'!$H$6:$H$152)
A15: สื่อ คอนเทนต์ & ครีเอทีฟ | B15: =COUNTIF('แคตตาล็อกผลงาน'!$B$6:$B$152,$A15) | C15: =IFERROR(B15/$B$20,0) | D15: =SUMIF('แคตตาล็อกผลงาน'!$B$6:$B$152,$A15,'แคตตาล็อกผลงาน'!$H$6:$H$152)
... A19: ไลฟ์สไตล์ ครอบครัว & ชุมชน | B19: =COUNTIF('แคตตาล็อกผลงาน'!$B$6:$B$152,$A19) | C19: =IFERROR(B19/$B$20,0) | D19: =SUMIF('แคตตาล็อกผลงาน'!$B$6:$B$152,$A19,'แคตตาล็อกผลงาน'!$H$6:$H$152)
A20: รวมทั้งหมด | B20: =SUM(B4:B19) | C20: =IFERROR(B20/$B$20,0) | D20: =SUM(D4:D19)
A22: ตัวเลขทั้งหมดคำนวณด้วยสูตรจากชีต "แคตตาล็อกผลงาน" — แก้ข้อมูลในชีตนั้นแล้วตารางนี้อัปเดตเอง

Sheet วิธีทำและข้อจำกัด
A1: ที่มาของข้อมูล
A2: โพสต์ต้นทาง | B2: https://www.facebook.com/groups/1745892855948687/posts/2323047211566579/
A3: วิธีเก็บข้อมูล | B3: ดึงคอมเมนต์จาก DOM ของหน้าโพสต์ด้วยสคริปต์ tools/fb-comment-extractor.js รันใน DevTools Console ของเบราว์เซอร์ที่ล็อกอิน Facebook (Facebook ปิด Groups API สำหรับอ่านคอมเมนต์ตั้งแต่ปี 2020 จึงเรียกผ่าน API ไม่ได้)
A4: จำนวนไฟล์ที่นำมารวม | B4: ผลการรัน 3 ครั้ง (470 / 859 / 1,339 รายการ) นำมารวมและตัดซ้ำด้วย commentId เมื่อคอมเมนต์เดียวกันปรากฏหลายครั้ง เลือกเวอร์ชันที่ข้อความยาวที่สุด
A5: คอมเมนต์หลังตัดซ้ำ | B5: 1,329 คอมเมนต์ (คอมเมนต์หลัก 243 + ตอบกลับ 1,086)
A6: เกณฑ์คัดเข้าแคตตาล็อก | B6: คอมเมนต์ที่เจ้าของนำเสนอผลงานของตัวเองพร้อมลิงก์ รวมคอมเมนต์หลัก คอมเมนต์ที่เจ้าของตอบเสริมของตัวเอง และผลงาน 3 ชิ้นที่ปรากฏเฉพาะในคอมเมนต์ตอบกลับคนอื่น
A7: การรวมและการแยกรายการ | B7: คอมเมนต์หลักกับคอมเมนต์เสริมของเจ้าของคนเดียวกันถูกยุบเป็นผลงานเดียว ส่วนคอมเมนต์ที่นำเสนอผลงานหลายชิ้นที่ทำคนละเรื่อง ถูกแยกเป็นคนละรายการ
A8: จำนวนผลงานสุดท้าย | B8: 147 รายการ
A10: ข้อจำกัดที่ต้องรู้
A11: ลิงก์ที่ใช้ไม่ได้ | B11: 9 จาก 147 รายการ — Facebook ตัดข้อความลิงก์ยาวด้วย "..." และสคริปต์เก็บได้เฉพาะข้อความที่แสดง ไม่ได้เก็บ href จริงของแท็กลิงก์ ลิงก์ App Store กู้คืนได้จากเลข app id แต่ Play Store และ Chrome Web Store กู้ไม่ได้ รายการเหล่านี้ทำเครื่องหมายไว้ในคอลัมน์ "สถานะลิงก์"
A12: ยอดรีแอ็กชัน | B12: เป็นค่า ณ เวลาที่ดึงข้อมูล ไม่ใช่ค่าปัจจุบัน และคอมเมนต์ที่ไม่มีรีแอ็กชันบันทึกเป็น 0
A13: ความครบถ้วน | B13: คอมเมนต์ที่ Facebook ซ่อนหรือกรองเป็นสแปมจะไม่อยู่ใน DOM จึงไม่ถูกเก็บ ผลงานบางชิ้นอาจตกหล่นถ้าเจ้าของโพสต์ไว้ในคอมเมนต์ที่ถูกซ่อน
A14: หมวดหมู่ | B14: จัดด้วยการอ่านคำอธิบายของเจ้าของผลงานทีละรายการ ไม่ได้ใช้คีย์เวิร์ดอัตโนมัติ ผลงานที่คร่อมหลายหมวดถูกจัดตามการใช้งานหลักที่เจ้าของเน้น
A15: รายละเอียดผลงาน | B15: สรุปจากข้อความที่เจ้าของเขียนเท่านั้น ไม่ได้เข้าไปตรวจสอบเว็บหรือแอปจริง เพราะสภาพแวดล้อมที่ประมวลผลไม่มีสิทธิ์ออกอินเทอร์เน็ต
A16: ผลงานที่ไม่ระบุรายละเอียด | B16: บางรายการเจ้าของแนบแต่ลิงก์โดยไม่อธิบาย จัดไว้ในหมวด "รวมผลงาน & อื่น ๆ" และระบุไว้ในช่องรายละเอียดตามจริง
A18: รายการที่ลิงก์ใช้ไม่ได้
A19: ลำดับ 5 | B19: แอปจดรายรับรายจ่าย (Trancient Circuit) — https://play.google.com/store/apps/details
A20: ลำดับ 25 | B20: ระบบร้านอาหารครบวงจร (Chanin Pitiwong) — https://fastwork.co/.../ninja.../qr-code-design-53134308
A21: ลำดับ 34 | B21: Solfeggio Soundscape — https://drive.google.com/.../1bnGYrhSGol0qKYFI92gv4SDZJkI
A22: ลำดับ 54 | B22: Future Workforce English — https://futureworkforce.ajbankenglishkickstart.workers.de
A23: ลำดับ 89 | B23: แอปแชร์ลิงก์ผ่าน NFC (Warat Wongmaneekit) — https://play.google.com/store/apps/details
A24: ลำดับ 92 | B24: Speakit วาจา — https://play.google.com/store/apps/details
A25: ลำดับ 119 | B25: Chrome Extension เช็คคนไม่ฟอลบน X — https://chromewebstore.google.com/.../mljjpagc.../preview
A26: ลำดับ 120 | B26: S-Water — https://play.google.com/store/apps/details
A27: ลำดับ 122 | B27: Extension โพสต์กลุ่ม Facebook อัตโนมัติ — https://chromewebstore.google.com/.../nipfigapikmcbahblde
